Trading_date,Trading_period,Node,Price
2016-01-01,1,MTR0331,64.56
2016-01-01,2,MTR0331,68.72
2016-01-01,3,MTR0331,75.31
2016-01-01,4,MTR0331,75.11
2016-01-01,5,MTR0331,67.1
2016-01-01,6,MTR0331,74.44
2016-01-01,7,MTR0331,69.4
2016-01-01,8,MTR0331,67.15
2016-01-01,9,MTR0331,64.06
2016-01-01,10,MTR0331,63.97
2016-01-01,11,MTR0331,69.98
2016-01-01,12,MTR0331,66.31
2016-01-01,13,MTR0331,65.83
2016-01-01,14,MTR0331,55.25
2016-01-01,15,MTR0331,35.82
2016-01-01,16,MTR0331,30.63
2016-01-01,17,MTR0331,30.65
2016-01-01,18,MTR0331,17.69
2016-01-01,19,MTR0331,34.96
2016-01-01,20,MTR0331,50.36
2016-01-01,21,MTR0331,53.24
2016-01-01,22,MTR0331,55.23
2016-01-01,23,MTR0331,61.24
2016-01-01,24,MTR0331,63.93
2016-01-01,25,MTR0331,60.49
2016-01-01,26,MTR0331,73.58
2016-01-01,27,MTR0331,77.12
2016-01-01,28,MTR0331,77.07
2016-01-01,29,MTR0331,75.21
2016-01-01,30,MTR0331,72.62
2016-01-01,31,MTR0331,75.2
2016-01-01,32,MTR0331,79.86
2016-01-01,33,MTR0331,74.47
2016-01-01,34,MTR0331,74.3
2016-01-01,35,MTR0331,68.97
2016-01-01,36,MTR0331,76.32
2016-01-01,37,MTR0331,69.13
2016-01-01,38,MTR0331,73.97
2016-01-01,39,MTR0331,73.98
2016-01-01,40,MTR0331,78.27
2016-01-01,41,MTR0331,80.62
2016-01-01,42,MTR0331,85.29
2016-01-01,43,MTR0331,83.76
2016-01-01,44,MTR0331,81.13
2016-01-01,45,MTR0331,77.13
2016-01-01,46,MTR0331,82.75
2016-01-01,47,MTR0331,84.87
2016-01-01,48,MTR0331,81.17
2016-01-02,1,MTR0331,78.41
2016-01-02,2,MTR0331,75.42
2016-01-02,3,MTR0331,71.5
2016-01-02,4,MTR0331,71.1
2016-01-02,5,MTR0331,70.37
2016-01-02,6,MTR0331,74.41
2016-01-02,7,MTR0331,74.63
2016-01-02,8,MTR0331,74.64
2016-01-02,9,MTR0331,75.05
2016-01-02,10,MTR0331,74.75
2016-01-02,11,MTR0331,75.1
2016-01-02,12,MTR0331,81.11
2016-01-02,13,MTR0331,83.03
2016-01-02,14,MTR0331,68.96
2016-01-02,15,MTR0331,61.47
2016-01-02,16,MTR0331,67.89
2016-01-02,17,MTR0331,66.25
2016-01-02,18,MTR0331,64.14
2016-01-02,19,MTR0331,74.12
2016-01-02,20,MTR0331,77.46
2016-01-02,21,MTR0331,77.74
2016-01-02,22,MTR0331,76.37
2016-01-02,23,MTR0331,77.32
2016-01-02,24,MTR0331,77.29
2016-01-02,25,MTR0331,78.04
2016-01-02,26,MTR0331,75.28
2016-01-02,27,MTR0331,74.96
2016-01-02,28,MTR0331,76.39
2016-01-02,29,MTR0331,75.27
2016-01-02,30,MTR0331,76.11
2016-01-02,31,MTR0331,75.71
2016-01-02,32,MTR0331,77
2016-01-02,33,MTR0331,77.8
2016-01-02,34,MTR0331,75.24
2016-01-02,35,MTR0331,81.48
2016-01-02,36,MTR0331,83.46
2016-01-02,37,MTR0331,80.94
2016-01-02,38,MTR0331,82.19
2016-01-02,39,MTR0331,78.89
2016-01-02,40,MTR0331,74.43
2016-01-02,41,MTR0331,58.92
2016-01-02,42,MTR0331,58.64
2016-01-02,43,MTR0331,67.46
2016-01-02,44,MTR0331,61.21
2016-01-02,45,MTR0331,60.73
2016-01-02,46,MTR0331,61.67
2016-01-02,47,MTR0331,56.56
2016-01-02,48,MTR0331,48.48
2016-01-03,1,MTR0331,48.51
2016-01-03,2,MTR0331,56.16
2016-01-03,3,MTR0331,48.42
2016-01-03,4,MTR0331,65.75
2016-01-03,5,MTR0331,66.35
2016-01-03,6,MTR0331,63.41
2016-01-03,7,MTR0331,62.65
2016-01-03,8,MTR0331,62.81
2016-01-03,9,MTR0331,62.65
2016-01-03,10,MTR0331,62.97
2016-01-03,11,MTR0331,62.56
2016-01-03,12,MTR0331,65.28
2016-01-03,13,MTR0331,65.14
2016-01-03,14,MTR0331,63.85
2016-01-03,15,MTR0331,51.93
2016-01-03,16,MTR0331,50.11
2016-01-03,17,MTR0331,61.31
2016-01-03,18,MTR0331,62.11
2016-01-03,19,MTR0331,61.51
2016-01-03,20,MTR0331,70.2
2016-01-03,21,MTR0331,72.91
2016-01-03,22,MTR0331,72.83
2016-01-03,23,MTR0331,72.8
2016-01-03,24,MTR0331,70.74
2016-01-03,25,MTR0331,66.46
2016-01-03,26,MTR0331,65.33
2016-01-03,27,MTR0331,73.14
2016-01-03,28,MTR0331,63.12
2016-01-03,29,MTR0331,61.86
2016-01-03,30,MTR0331,59.87
2016-01-03,31,MTR0331,60.11
2016-01-03,32,MTR0331,66.48
2016-01-03,33,MTR0331,70.68
2016-01-03,34,MTR0331,60.41
2016-01-03,35,MTR0331,60.65
2016-01-03,36,MTR0331,66.5
2016-01-03,37,MTR0331,65.74
2016-01-03,38,MTR0331,60.9
2016-01-03,39,MTR0331,50.83
2016-01-03,40,MTR0331,44.2
2016-01-03,41,MTR0331,44.18
2016-01-03,42,MTR0331,39.19
2016-01-03,43,MTR0331,52.75
2016-01-03,44,MTR0331,52.15
2016-01-03,45,MTR0331,49.43
2016-01-03,46,MTR0331,41.06
2016-01-03,47,MTR0331,47.59
2016-01-03,48,MTR0331,37.07
2016-01-04,1,MTR0331,48.45
2016-01-04,2,MTR0331,48.47
2016-01-04,3,MTR0331,39.93
2016-01-04,4,MTR0331,34.93
2016-01-04,5,MTR0331,15.15
2016-01-04,6,MTR0331,15.14
2016-01-04,7,MTR0331,14.83
2016-01-04,8,MTR0331,14.82
2016-01-04,9,MTR0331,15.14
2016-01-04,10,MTR0331,35.45
2016-01-04,11,MTR0331,35.65
2016-01-04,12,MTR0331,36.06
2016-01-04,13,MTR0331,0.53
2016-01-04,14,MTR0331,0.04
2016-01-04,15,MTR0331,0.5
2016-01-04,16,MTR0331,0.51
2016-01-04,17,MTR0331,0.5
2016-01-04,18,MTR0331,10.05
2016-01-04,19,MTR0331,21.28
2016-01-04,20,MTR0331,36.91
2016-01-04,21,MTR0331,45.26
2016-01-04,22,MTR0331,50.28
2016-01-04,23,MTR0331,69.36
2016-01-04,24,MTR0331,75.75
2016-01-04,25,MTR0331,68.1
2016-01-04,26,MTR0331,60.37
2016-01-04,27,MTR0331,50.28
2016-01-04,28,MTR0331,44.59
2016-01-04,29,MTR0331,45.75
2016-01-04,30,MTR0331,44.18
2016-01-04,31,MTR0331,36.49
2016-01-04,32,MTR0331,36.25
2016-01-04,33,MTR0331,55.07
2016-01-04,34,MTR0331,46.66
2016-01-04,35,MTR0331,46.14
2016-01-04,36,MTR0331,54.23
2016-01-04,37,MTR0331,47.46
2016-01-04,38,MTR0331,53.15
2016-01-04,39,MTR0331,49.71
2016-01-04,40,MTR0331,52.52
2016-01-04,41,MTR0331,55.23
2016-01-04,42,MTR0331,60.44
2016-01-04,43,MTR0331,65.38
2016-01-04,44,MTR0331,66.83
2016-01-04,45,MTR0331,63.93
2016-01-04,46,MTR0331,64.72
2016-01-04,47,MTR0331,63.23
2016-01-04,48,MTR0331,62.39
2016-01-05,1,MTR0331,47.36
2016-01-05,2,MTR0331,35.83
2016-01-05,3,MTR0331,35.51
2016-01-05,4,MTR0331,20.54
2016-01-05,5,MTR0331,11.07
2016-01-05,6,MTR0331,11.07
2016-01-05,7,MTR0331,11.07
2016-01-05,8,MTR0331,10.9
2016-01-05,9,MTR0331,11.08
2016-01-05,10,MTR0331,11.05
2016-01-05,11,MTR0331,59.11
2016-01-05,12,MTR0331,63.67
2016-01-05,13,MTR0331,76.09
2016-01-05,14,MTR0331,76.38
2016-01-05,15,MTR0331,76.32
2016-01-05,16,MTR0331,76.25
2016-01-05,17,MTR0331,79.14
2016-01-05,18,MTR0331,79.76
2016-01-05,19,MTR0331,78.59
2016-01-05,20,MTR0331,78.31
2016-01-05,21,MTR0331,76.76
2016-01-05,22,MTR0331,76.45
2016-01-05,23,MTR0331,76.41
2016-01-05,24,MTR0331,77.09
2016-01-05,25,MTR0331,75.21
2016-01-05,26,MTR0331,71.34
2016-01-05,27,MTR0331,71.09
2016-01-05,28,MTR0331,74.87
2016-01-05,29,MTR0331,71.01
2016-01-05,30,MTR0331,71.04
2016-01-05,31,MTR0331,72.01
2016-01-05,32,MTR0331,77.51
2016-01-05,33,MTR0331,77.9
2016-01-05,34,MTR0331,76.49
2016-01-05,35,MTR0331,71.73
2016-01-05,36,MTR0331,71.01
2016-01-05,37,MTR0331,64.6
2016-01-05,38,MTR0331,62.37
2016-01-05,39,MTR0331,61.41
2016-01-05,40,MTR0331,61.41
2016-01-05,41,MTR0331,61.31
2016-01-05,42,MTR0331,61.01
2016-01-05,43,MTR0331,63.94
2016-01-05,44,MTR0331,61.42
2016-01-05,45,MTR0331,71.21
2016-01-05,46,MTR0331,71.6
2016-01-05,47,MTR0331,63.36
2016-01-05,48,MTR0331,63.26
2016-01-06,1,MTR0331,74.15
2016-01-06,2,MTR0331,68.06
2016-01-06,3,MTR0331,60.39
2016-01-06,4,MTR0331,57.71
2016-01-06,5,MTR0331,57.7
2016-01-06,6,MTR0331,59.46
2016-01-06,7,MTR0331,59.45
2016-01-06,8,MTR0331,59.45
2016-01-06,9,MTR0331,59.44
2016-01-06,10,MTR0331,60.31
2016-01-06,11,MTR0331,57.85
2016-01-06,12,MTR0331,60.39
2016-01-06,13,MTR0331,69.23
2016-01-06,14,MTR0331,60.46
2016-01-06,15,MTR0331,61.52
2016-01-06,16,MTR0331,62.05
2016-01-06,17,MTR0331,72.13
2016-01-06,18,MTR0331,73.67
2016-01-06,19,MTR0331,63.3
2016-01-06,20,MTR0331,75.82
2016-01-06,21,MTR0331,71.65
2016-01-06,22,MTR0331,75.37
2016-01-06,23,MTR0331,63.58
2016-01-06,24,MTR0331,64.14
2016-01-06,25,MTR0331,64.49
2016-01-06,26,MTR0331,63.38
2016-01-06,27,MTR0331,66.33
2016-01-06,28,MTR0331,75.66
2016-01-06,29,MTR0331,74.66
2016-01-06,30,MTR0331,63.85
2016-01-06,31,MTR0331,76.1
2016-01-06,32,MTR0331,76.19
2016-01-06,33,MTR0331,78.9
2016-01-06,34,MTR0331,77.06
2016-01-06,35,MTR0331,77.72
2016-01-06,36,MTR0331,78.94
2016-01-06,37,MTR0331,77.78
2016-01-06,38,MTR0331,77.81
2016-01-06,39,MTR0331,76.89
2016-01-06,40,MTR0331,80.27
2016-01-06,41,MTR0331,77.49
2016-01-06,42,MTR0331,77.8
2016-01-06,43,MTR0331,77.54
2016-01-06,44,MTR0331,81.62
2016-01-06,45,MTR0331,82.66
2016-01-06,46,MTR0331,80.32
2016-01-06,47,MTR0331,76.37
2016-01-06,48,MTR0331,73.07
2016-01-07,1,MTR0331,74.43
2016-01-07,2,MTR0331,70.64
2016-01-07,3,MTR0331,60.67
2016-01-07,4,MTR0331,60.38
2016-01-07,5,MTR0331,56.54
2016-01-07,6,MTR0331,56.65
2016-01-07,7,MTR0331,56.65
2016-01-07,8,MTR0331,56.9
2016-01-07,9,MTR0331,58.84
2016-01-07,10,MTR0331,66.85
2016-01-07,11,MTR0331,69.39
2016-01-07,12,MTR0331,75.22
2016-01-07,13,MTR0331,79.25
2016-01-07,14,MTR0331,77.51
2016-01-07,15,MTR0331,65.99
2016-01-07,16,MTR0331,73.71
2016-01-07,17,MTR0331,73.15
2016-01-07,18,MTR0331,73.62
2016-01-07,19,MTR0331,72.92
2016-01-07,20,MTR0331,73
2016-01-07,21,MTR0331,73.8
2016-01-07,22,MTR0331,74.38
2016-01-07,23,MTR0331,73.84
2016-01-07,24,MTR0331,75.16
2016-01-07,25,MTR0331,75.18
2016-01-07,26,MTR0331,76.37
2016-01-07,27,MTR0331,76.93
2016-01-07,28,MTR0331,76.62
2016-01-07,29,MTR0331,77.33
2016-01-07,30,MTR0331,78.34
2016-01-07,31,MTR0331,76.8
2016-01-07,32,MTR0331,76.54
2016-01-07,33,MTR0331,76.32
2016-01-07,34,MTR0331,74.15
2016-01-07,35,MTR0331,59.32
2016-01-07,36,MTR0331,59.64
2016-01-07,37,MTR0331,60.9
2016-01-07,38,MTR0331,60.99
2016-01-07,39,MTR0331,56.74
2016-01-07,40,MTR0331,56.56
2016-01-07,41,MTR0331,76.66
2016-01-07,42,MTR0331,75.51
2016-01-07,43,MTR0331,74.46
2016-01-07,44,MTR0331,75.27
2016-01-07,45,MTR0331,80.48
2016-01-07,46,MTR0331,74.2
2016-01-07,47,MTR0331,70.85
2016-01-07,48,MTR0331,71.7
2016-01-08,1,MTR0331,84.42
2016-01-08,2,MTR0331,81.3
2016-01-08,3,MTR0331,74.71
2016-01-08,4,MTR0331,67.71
2016-01-08,5,MTR0331,67.83
2016-01-08,6,MTR0331,65.69
2016-01-08,7,MTR0331,66.95
2016-01-08,8,MTR0331,66.85
2016-01-08,9,MTR0331,66.48
2016-01-08,10,MTR0331,68.23
2016-01-08,11,MTR0331,75.44
2016-01-08,12,MTR0331,74.61
2016-01-08,13,MTR0331,82.15
2016-01-08,14,MTR0331,77.61
2016-01-08,15,MTR0331,72.47
2016-01-08,16,MTR0331,76.5
2016-01-08,17,MTR0331,77.11
2016-01-08,18,MTR0331,82.87
2016-01-08,19,MTR0331,77.4
2016-01-08,20,MTR0331,79.72
2016-01-08,21,MTR0331,83.26
2016-01-08,22,MTR0331,86.48
2016-01-08,23,MTR0331,86.58
2016-01-08,24,MTR0331,91.57
2016-01-08,25,MTR0331,102.57
2016-01-08,26,MTR0331,88.5
2016-01-08,27,MTR0331,89.01
2016-01-08,28,MTR0331,86.93
2016-01-08,29,MTR0331,85.95
2016-01-08,30,MTR0331,85.44
2016-01-08,31,MTR0331,84.01
2016-01-08,32,MTR0331,83.24
2016-01-08,33,MTR0331,84.14
2016-01-08,34,MTR0331,88.36
2016-01-08,35,MTR0331,84.88
2016-01-08,36,MTR0331,84.39
2016-01-08,37,MTR0331,84.15
2016-01-08,38,MTR0331,75.51
2016-01-08,39,MTR0331,63
2016-01-08,40,MTR0331,62.89
2016-01-08,41,MTR0331,72.73
2016-01-08,42,MTR0331,73.7
2016-01-08,43,MTR0331,77.57
2016-01-08,44,MTR0331,79.61
2016-01-08,45,MTR0331,78.42
2016-01-08,46,MTR0331,72.62
2016-01-08,47,MTR0331,73.34
2016-01-08,48,MTR0331,66.47
2016-01-09,1,MTR0331,80.75
2016-01-09,2,MTR0331,68.89
2016-01-09,3,MTR0331,66.5
2016-01-09,4,MTR0331,65.79
2016-01-09,5,MTR0331,64.82
2016-01-09,6,MTR0331,64.17
2016-01-09,7,MTR0331,62.81
2016-01-09,8,MTR0331,61.29
2016-01-09,9,MTR0331,61.38
2016-01-09,10,MTR0331,62.6
2016-01-09,11,MTR0331,65.57
2016-01-09,12,MTR0331,66.54
2016-01-09,13,MTR0331,65.23
2016-01-09,14,MTR0331,65.49
2016-01-09,15,MTR0331,70.47
2016-01-09,16,MTR0331,70.78
2016-01-09,17,MTR0331,66.68
2016-01-09,18,MTR0331,72.08
2016-01-09,19,MTR0331,72.06
2016-01-09,20,MTR0331,70.68
2016-01-09,21,MTR0331,75.38
2016-01-09,22,MTR0331,64.25
2016-01-09,23,MTR0331,61.93
2016-01-09,24,MTR0331,56.38
2016-01-09,25,MTR0331,61.23
2016-01-09,26,MTR0331,56.87
2016-01-09,27,MTR0331,56.62
2016-01-09,28,MTR0331,57.54
2016-01-09,29,MTR0331,56.55
2016-01-09,30,MTR0331,55.83
2016-01-09,31,MTR0331,57.02
2016-01-09,32,MTR0331,58.03
2016-01-09,33,MTR0331,61.02
2016-01-09,34,MTR0331,60.52
2016-01-09,35,MTR0331,61.45
2016-01-09,36,MTR0331,62.92
2016-01-09,37,MTR0331,60.48
2016-01-09,38,MTR0331,61.24
2016-01-09,39,MTR0331,61.53
2016-01-09,40,MTR0331,56.44
2016-01-09,41,MTR0331,55.05
2016-01-09,42,MTR0331,59.09
2016-01-09,43,MTR0331,61.69
2016-01-09,44,MTR0331,63.1
2016-01-09,45,MTR0331,64.56
2016-01-09,46,MTR0331,64.7
2016-01-09,47,MTR0331,59.46
2016-01-09,48,MTR0331,56.35
2016-01-10,1,MTR0331,69.22
2016-01-10,2,MTR0331,65.67
2016-01-10,3,MTR0331,65.82
2016-01-10,4,MTR0331,65.04
2016-01-10,5,MTR0331,63.36
2016-01-10,6,MTR0331,62.9
2016-01-10,7,MTR0331,63.42
2016-01-10,8,MTR0331,52.15
2016-01-10,9,MTR0331,50.53
2016-01-10,10,MTR0331,50.51
2016-01-10,11,MTR0331,54.02
2016-01-10,12,MTR0331,52.58
2016-01-10,13,MTR0331,52.64
2016-01-10,14,MTR0331,52.03
2016-01-10,15,MTR0331,56.02
2016-01-10,16,MTR0331,66.73
2016-01-10,17,MTR0331,65.54
2016-01-10,18,MTR0331,67.05
2016-01-10,19,MTR0331,65.4
2016-01-10,20,MTR0331,67.57
2016-01-10,21,MTR0331,66.03
2016-01-10,22,MTR0331,65.44
2016-01-10,23,MTR0331,66.12
2016-01-10,24,MTR0331,63.92
2016-01-10,25,MTR0331,61.44
2016-01-10,26,MTR0331,61.42
2016-01-10,27,MTR0331,55.06
2016-01-10,28,MTR0331,54.09
2016-01-10,29,MTR0331,54.09
2016-01-10,30,MTR0331,54.44
2016-01-10,31,MTR0331,54.99
2016-01-10,32,MTR0331,56.19
2016-01-10,33,MTR0331,65.92
2016-01-10,34,MTR0331,72.5
2016-01-10,35,MTR0331,73.34
2016-01-10,36,MTR0331,74.78
2016-01-10,37,MTR0331,77.44
2016-01-10,38,MTR0331,76.43
2016-01-10,39,MTR0331,74.85
2016-01-10,40,MTR0331,74.72
2016-01-10,41,MTR0331,73.84
2016-01-10,42,MTR0331,75.87
2016-01-10,43,MTR0331,91.32
2016-01-10,44,MTR0331,80.8
2016-01-10,45,MTR0331,80.29
2016-01-10,46,MTR0331,73.55
2016-01-10,47,MTR0331,79.94
2016-01-10,48,MTR0331,71.34
2016-01-11,1,MTR0331,74.84
2016-01-11,2,MTR0331,74.9
2016-01-11,3,MTR0331,79.75
2016-01-11,4,MTR0331,79.58
2016-01-11,5,MTR0331,74.52
2016-01-11,6,MTR0331,75.43
2016-01-11,7,MTR0331,69
2016-01-11,8,MTR0331,68.95
2016-01-11,9,MTR0331,70.12
2016-01-11,10,MTR0331,71.53
2016-01-11,11,MTR0331,74.57
2016-01-11,12,MTR0331,80.37
2016-01-11,13,MTR0331,72.86
2016-01-11,14,MTR0331,71.32
2016-01-11,15,MTR0331,68.99
2016-01-11,16,MTR0331,74.95
2016-01-11,17,MTR0331,89.91
2016-01-11,18,MTR0331,89.89
2016-01-11,19,MTR0331,90.4
2016-01-11,20,MTR0331,90.07
2016-01-11,21,MTR0331,93.42
2016-01-11,22,MTR0331,93.22
2016-01-11,23,MTR0331,93.22
2016-01-11,24,MTR0331,103.7
2016-01-11,25,MTR0331,103.79
2016-01-11,26,MTR0331,87.22
2016-01-11,27,MTR0331,92.32
2016-01-11,28,MTR0331,87.87
2016-01-11,29,MTR0331,87.25
2016-01-11,30,MTR0331,88.62
2016-01-11,31,MTR0331,93.04
2016-01-11,32,MTR0331,93.03
2016-01-11,33,MTR0331,88.47
2016-01-11,34,MTR0331,87.82
2016-01-11,35,MTR0331,87.9
2016-01-11,36,MTR0331,91.82
2016-01-11,37,MTR0331,87.29
2016-01-11,38,MTR0331,84.29
2016-01-11,39,MTR0331,85.08
2016-01-11,40,MTR0331,87.46
2016-01-11,41,MTR0331,85.48
2016-01-11,42,MTR0331,85.6
2016-01-11,43,MTR0331,92.17
2016-01-11,44,MTR0331,88.01
2016-01-11,45,MTR0331,86.75
2016-01-11,46,MTR0331,77.21
2016-01-11,47,MTR0331,72.71
2016-01-11,48,MTR0331,68.41
2016-01-12,1,MTR0331,83.03
2016-01-12,2,MTR0331,81.6
2016-01-12,3,MTR0331,93.04
2016-01-12,4,MTR0331,82.02
2016-01-12,5,MTR0331,81.28
2016-01-12,6,MTR0331,68.38
2016-01-12,7,MTR0331,63.98
2016-01-12,8,MTR0331,65.12
2016-01-12,9,MTR0331,63.64
2016-01-12,10,MTR0331,63.65
2016-01-12,11,MTR0331,73.39
2016-01-12,12,MTR0331,73.1
2016-01-12,13,MTR0331,72.07
2016-01-12,14,MTR0331,82.33
2016-01-12,15,MTR0331,77.01
2016-01-12,16,MTR0331,78.57
2016-01-12,17,MTR0331,97.8
2016-01-12,18,MTR0331,102.03
2016-01-12,19,MTR0331,98.47
2016-01-12,20,MTR0331,92.55
2016-01-12,21,MTR0331,110.99
2016-01-12,22,MTR0331,110.97
2016-01-12,23,MTR0331,92.84
2016-01-12,24,MTR0331,89.51
2016-01-12,25,MTR0331,91.77
2016-01-12,26,MTR0331,101.06
2016-01-12,27,MTR0331,93.76
2016-01-12,28,MTR0331,93.91
2016-01-12,29,MTR0331,83.64
2016-01-12,30,MTR0331,83.08
2016-01-12,31,MTR0331,79.23
2016-01-12,32,MTR0331,85.68
2016-01-12,33,MTR0331,100.33
2016-01-12,34,MTR0331,90.37
2016-01-12,35,MTR0331,90.42
2016-01-12,36,MTR0331,100.78
2016-01-12,37,MTR0331,87.2
2016-01-12,38,MTR0331,85.34
2016-01-12,39,MTR0331,78.57
2016-01-12,40,MTR0331,78.62
2016-01-12,41,MTR0331,76.7
2016-01-12,42,MTR0331,85.45
2016-01-12,43,MTR0331,84.91
2016-01-12,44,MTR0331,78.29
2016-01-12,45,MTR0331,85.88
2016-01-12,46,MTR0331,63.97
2016-01-12,47,MTR0331,69.23
2016-01-12,48,MTR0331,62.31
2016-01-13,1,MTR0331,70.48
2016-01-13,2,MTR0331,71.05
2016-01-13,3,MTR0331,67.84
2016-01-13,4,MTR0331,59.13
2016-01-13,5,MTR0331,59.5
2016-01-13,6,MTR0331,57.34
2016-01-13,7,MTR0331,57.34
2016-01-13,8,MTR0331,61.22
2016-01-13,9,MTR0331,61.73
2016-01-13,10,MTR0331,56.95
2016-01-13,11,MTR0331,65.03
2016-01-13,12,MTR0331,61.15
2016-01-13,13,MTR0331,57.27
2016-01-13,14,MTR0331,62.47
2016-01-13,15,MTR0331,61.42
2016-01-13,16,MTR0331,73.26
2016-01-13,17,MTR0331,79.84
2016-01-13,18,MTR0331,84.06
2016-01-13,19,MTR0331,81.04
2016-01-13,20,MTR0331,81.21
2016-01-13,21,MTR0331,85.69
2016-01-13,22,MTR0331,87.15
2016-01-13,23,MTR0331,83.19
2016-01-13,24,MTR0331,76.61
2016-01-13,25,MTR0331,79.86
2016-01-13,26,MTR0331,80.5
2016-01-13,27,MTR0331,81.1
2016-01-13,28,MTR0331,79.25
2016-01-13,29,MTR0331,78.31
2016-01-13,30,MTR0331,82.53
2016-01-13,31,MTR0331,82.6
2016-01-13,32,MTR0331,83.31
2016-01-13,33,MTR0331,86.02
2016-01-13,34,MTR0331,83.16
2016-01-13,35,MTR0331,79.33
2016-01-13,36,MTR0331,74.87
2016-01-13,37,MTR0331,68.13
2016-01-13,38,MTR0331,62.21
2016-01-13,39,MTR0331,58.85
2016-01-13,40,MTR0331,58.94
2016-01-13,41,MTR0331,56.16
2016-01-13,42,MTR0331,68.81
2016-01-13,43,MTR0331,78.11
2016-01-13,44,MTR0331,79.96
2016-01-13,45,MTR0331,80.41
2016-01-13,46,MTR0331,73.05
2016-01-13,47,MTR0331,77.38
2016-01-13,48,MTR0331,70.8
2016-01-14,1,MTR0331,67.98
2016-01-14,2,MTR0331,68.37
2016-01-14,3,MTR0331,68.15
2016-01-14,4,MTR0331,68.07
2016-01-14,5,MTR0331,65.93
2016-01-14,6,MTR0331,65.63
2016-01-14,7,MTR0331,65.93
2016-01-14,8,MTR0331,61.16
2016-01-14,9,MTR0331,62.15
2016-01-14,10,MTR0331,62.09
2016-01-14,11,MTR0331,64.93
2016-01-14,12,MTR0331,68.18
2016-01-14,13,MTR0331,80.35
2016-01-14,14,MTR0331,80.72
2016-01-14,15,MTR0331,68.48
2016-01-14,16,MTR0331,75.3
2016-01-14,17,MTR0331,88.14
2016-01-14,18,MTR0331,95.3
2016-01-14,19,MTR0331,93.42
2016-01-14,20,MTR0331,93.16
2016-01-14,21,MTR0331,84.21
2016-01-14,22,MTR0331,90.88
2016-01-14,23,MTR0331,91.04
2016-01-14,24,MTR0331,90.39
2016-01-14,25,MTR0331,94.97
2016-01-14,26,MTR0331,91.5
2016-01-14,27,MTR0331,100.78
2016-01-14,28,MTR0331,100.91
2016-01-14,29,MTR0331,101.01
2016-01-14,30,MTR0331,100.32
2016-01-14,31,MTR0331,100.12
2016-01-14,32,MTR0331,92.45
2016-01-14,33,MTR0331,82.93
2016-01-14,34,MTR0331,82.22
2016-01-14,35,MTR0331,77.17
2016-01-14,36,MTR0331,81.99
2016-01-14,37,MTR0331,68.53
2016-01-14,38,MTR0331,69.01
2016-01-14,39,MTR0331,69.54
2016-01-14,40,MTR0331,69.61
2016-01-14,41,MTR0331,62.72
2016-01-14,42,MTR0331,69.65
2016-01-14,43,MTR0331,81.8
2016-01-14,44,MTR0331,87.51
2016-01-14,45,MTR0331,82.06
2016-01-14,46,MTR0331,84.62
2016-01-14,47,MTR0331,76.37
2016-01-14,48,MTR0331,70.12
2016-01-15,1,MTR0331,63.7
2016-01-15,2,MTR0331,74.82
2016-01-15,3,MTR0331,74.93
2016-01-15,4,MTR0331,74.96
2016-01-15,5,MTR0331,70.26
2016-01-15,6,MTR0331,66.38
2016-01-15,7,MTR0331,63.37
2016-01-15,8,MTR0331,54.82
2016-01-15,9,MTR0331,55.05
2016-01-15,10,MTR0331,55.27
2016-01-15,11,MTR0331,63.86
2016-01-15,12,MTR0331,70.83
2016-01-15,13,MTR0331,72.71
2016-01-15,14,MTR0331,83.29
2016-01-15,15,MTR0331,78.93
2016-01-15,16,MTR0331,85.63
2016-01-15,17,MTR0331,91.11
2016-01-15,18,MTR0331,95.88
2016-01-15,19,MTR0331,96.05
2016-01-15,20,MTR0331,96.07
2016-01-15,21,MTR0331,101.08
2016-01-15,22,MTR0331,96.72
2016-01-15,23,MTR0331,90.48
2016-01-15,24,MTR0331,91.25
2016-01-15,25,MTR0331,86.29
2016-01-15,26,MTR0331,86.03
2016-01-15,27,MTR0331,86.1
2016-01-15,28,MTR0331,87.84
2016-01-15,29,MTR0331,86.57
2016-01-15,30,MTR0331,86.91
2016-01-15,31,MTR0331,88.81
2016-01-15,32,MTR0331,88.68
2016-01-15,33,MTR0331,88.97
2016-01-15,34,MTR0331,86.31
2016-01-15,35,MTR0331,85.31
2016-01-15,36,MTR0331,88.5
2016-01-15,37,MTR0331,85.34
2016-01-15,38,MTR0331,84.81
2016-01-15,39,MTR0331,76.57
2016-01-15,40,MTR0331,75.99
2016-01-15,41,MTR0331,72.94
2016-01-15,42,MTR0331,82.32
2016-01-15,43,MTR0331,80.44
2016-01-15,44,MTR0331,80.97
2016-01-15,45,MTR0331,80.86
2016-01-15,46,MTR0331,72.16
2016-01-15,47,MTR0331,75.73
2016-01-15,48,MTR0331,78.57
2016-01-16,1,MTR0331,84.28
2016-01-16,2,MTR0331,86.8
2016-01-16,3,MTR0331,84.71
2016-01-16,4,MTR0331,76.97
2016-01-16,5,MTR0331,76.86
2016-01-16,6,MTR0331,71.36
2016-01-16,7,MTR0331,59.55
2016-01-16,8,MTR0331,58.34
2016-01-16,9,MTR0331,63.49
2016-01-16,10,MTR0331,67.25
2016-01-16,11,MTR0331,75.22
2016-01-16,12,MTR0331,82.58
2016-01-16,13,MTR0331,79.72
2016-01-16,14,MTR0331,80.28
2016-01-16,15,MTR0331,82.71
2016-01-16,16,MTR0331,79.93
2016-01-16,17,MTR0331,76.04
2016-01-16,18,MTR0331,80.16
2016-01-16,19,MTR0331,73.54
2016-01-16,20,MTR0331,76.33
2016-01-16,21,MTR0331,73.2
2016-01-16,22,MTR0331,75.03
2016-01-16,23,MTR0331,76.63
2016-01-16,24,MTR0331,81.53
2016-01-16,25,MTR0331,81.8
2016-01-16,26,MTR0331,81.29
2016-01-16,27,MTR0331,75.39
2016-01-16,28,MTR0331,76.21
2016-01-16,29,MTR0331,78.26
2016-01-16,30,MTR0331,77.77
2016-01-16,31,MTR0331,79.11
2016-01-16,32,MTR0331,75.22
2016-01-16,33,MTR0331,69.48
2016-01-16,34,MTR0331,79.46
2016-01-16,35,MTR0331,72.81
2016-01-16,36,MTR0331,76.56
2016-01-16,37,MTR0331,76.56
2016-01-16,38,MTR0331,76.95
2016-01-16,39,MTR0331,80.73
2016-01-16,40,MTR0331,87.97
2016-01-16,41,MTR0331,85.19
2016-01-16,42,MTR0331,84.51
2016-01-16,43,MTR0331,90.57
2016-01-16,44,MTR0331,93.03
2016-01-16,45,MTR0331,91.22
2016-01-16,46,MTR0331,84.02
2016-01-16,47,MTR0331,83.09
2016-01-16,48,MTR0331,80.11
2016-01-17,1,MTR0331,84.3
2016-01-17,2,MTR0331,85.91
2016-01-17,3,MTR0331,80.5
2016-01-17,4,MTR0331,77.75
2016-01-17,5,MTR0331,74.75
2016-01-17,6,MTR0331,71.61
2016-01-17,7,MTR0331,70.78
2016-01-17,8,MTR0331,66.86
2016-01-17,9,MTR0331,66.86
2016-01-17,10,MTR0331,70.92
2016-01-17,11,MTR0331,73.65
2016-01-17,12,MTR0331,70.58
2016-01-17,13,MTR0331,71.77
2016-01-17,14,MTR0331,73.58
2016-01-17,15,MTR0331,74.27
2016-01-17,16,MTR0331,72.6
2016-01-17,17,MTR0331,72.63
2016-01-17,18,MTR0331,72.83
2016-01-17,19,MTR0331,79.62
2016-01-17,20,MTR0331,79.94
2016-01-17,21,MTR0331,86.08
2016-01-17,22,MTR0331,85.55
2016-01-17,23,MTR0331,94.24
2016-01-17,24,MTR0331,93.19
2016-01-17,25,MTR0331,77.89
2016-01-17,26,MTR0331,78.29
2016-01-17,27,MTR0331,78.66
2016-01-17,28,MTR0331,78.25
2016-01-17,29,MTR0331,78.25
2016-01-17,30,MTR0331,76.2
2016-01-17,31,MTR0331,83.24
2016-01-17,32,MTR0331,86.96
2016-01-17,33,MTR0331,83.27
2016-01-17,34,MTR0331,86.01
2016-01-17,35,MTR0331,84.4
2016-01-17,36,MTR0331,82.76
2016-01-17,37,MTR0331,82.67
2016-01-17,38,MTR0331,76.48
2016-01-17,39,MTR0331,76.62
2016-01-17,40,MTR0331,75.81
2016-01-17,41,MTR0331,74.32
2016-01-17,42,MTR0331,74.63
2016-01-17,43,MTR0331,74.23
2016-01-17,44,MTR0331,71.27
2016-01-17,45,MTR0331,81.17
2016-01-17,46,MTR0331,68.46
2016-01-17,47,MTR0331,68.01
2016-01-17,48,MTR0331,56.49
2016-01-18,1,MTR0331,70.55
2016-01-18,2,MTR0331,76.52
2016-01-18,3,MTR0331,74.27
2016-01-18,4,MTR0331,72.48
2016-01-18,5,MTR0331,57.3
2016-01-18,6,MTR0331,56.45
2016-01-18,7,MTR0331,57.28
2016-01-18,8,MTR0331,55.93
2016-01-18,9,MTR0331,55.95
2016-01-18,10,MTR0331,66.45
2016-01-18,11,MTR0331,74.12
2016-01-18,12,MTR0331,79.38
2016-01-18,13,MTR0331,83.41
2016-01-18,14,MTR0331,95.22
2016-01-18,15,MTR0331,90.72
2016-01-18,16,MTR0331,95.69
2016-01-18,17,MTR0331,103.46
2016-01-18,18,MTR0331,110.11
2016-01-18,19,MTR0331,109.35
2016-01-18,20,MTR0331,109.15
2016-01-18,21,MTR0331,108.4
2016-01-18,22,MTR0331,110.2
2016-01-18,23,MTR0331,119.75
2016-01-18,24,MTR0331,154.31
2016-01-18,25,MTR0331,128.61
2016-01-18,26,MTR0331,120.18
2016-01-18,27,MTR0331,120.78
2016-01-18,28,MTR0331,114.67
2016-01-18,29,MTR0331,98.31
2016-01-18,30,MTR0331,107.73
2016-01-18,31,MTR0331,120.11
2016-01-18,32,MTR0331,128.89
2016-01-18,33,MTR0331,129.84
2016-01-18,34,MTR0331,128.37
2016-01-18,35,MTR0331,126.92
2016-01-18,36,MTR0331,126.39
2016-01-18,37,MTR0331,117
2016-01-18,38,MTR0331,118.9
2016-01-18,39,MTR0331,113.07
2016-01-18,40,MTR0331,88.09
2016-01-18,41,MTR0331,86.89
2016-01-18,42,MTR0331,87.31
2016-01-18,43,MTR0331,81.17
2016-01-18,44,MTR0331,78.85
2016-01-18,45,MTR0331,77.82
2016-01-18,46,MTR0331,78.78
2016-01-18,47,MTR0331,78.01
2016-01-18,48,MTR0331,75.06
2016-01-19,1,MTR0331,76.66
2016-01-19,2,MTR0331,77.8
2016-01-19,3,MTR0331,73.85
2016-01-19,4,MTR0331,59.97
2016-01-19,5,MTR0331,60.6
2016-01-19,6,MTR0331,58.71
2016-01-19,7,MTR0331,61.62
2016-01-19,8,MTR0331,74.37
2016-01-19,9,MTR0331,82.51
2016-01-19,10,MTR0331,78.99
2016-01-19,11,MTR0331,93.18
2016-01-19,12,MTR0331,82.8
2016-01-19,13,MTR0331,88.34
2016-01-19,14,MTR0331,77.98
2016-01-19,15,MTR0331,81.8
2016-01-19,16,MTR0331,98.72
2016-01-19,17,MTR0331,101.64
2016-01-19,18,MTR0331,101.16
2016-01-19,19,MTR0331,107.85
2016-01-19,20,MTR0331,100.06
2016-01-19,21,MTR0331,99.02
2016-01-19,22,MTR0331,96.51
2016-01-19,23,MTR0331,87.54
2016-01-19,24,MTR0331,89.3
2016-01-19,25,MTR0331,84.68
2016-01-19,26,MTR0331,80.54
2016-01-19,27,MTR0331,83.08
2016-01-19,28,MTR0331,80.9
2016-01-19,29,MTR0331,84.51
2016-01-19,30,MTR0331,84.27
2016-01-19,31,MTR0331,84.61
2016-01-19,32,MTR0331,84.75
2016-01-19,33,MTR0331,82.41
2016-01-19,34,MTR0331,84.77
2016-01-19,35,MTR0331,85.42
2016-01-19,36,MTR0331,85.4
2016-01-19,37,MTR0331,82.34
2016-01-19,38,MTR0331,84.35
2016-01-19,39,MTR0331,80.33
2016-01-19,40,MTR0331,76.6
2016-01-19,41,MTR0331,88.13
2016-01-19,42,MTR0331,87.43
2016-01-19,43,MTR0331,91.19
2016-01-19,44,MTR0331,88.16
2016-01-19,45,MTR0331,72.82
2016-01-19,46,MTR0331,59.2
2016-01-19,47,MTR0331,62.89
2016-01-19,48,MTR0331,50.47
2016-01-20,1,MTR0331,55.83
2016-01-20,2,MTR0331,68.82
2016-01-20,3,MTR0331,69.06
2016-01-20,4,MTR0331,55.66
2016-01-20,5,MTR0331,65.51
2016-01-20,6,MTR0331,55.89
2016-01-20,7,MTR0331,55.12
2016-01-20,8,MTR0331,56.2
2016-01-20,9,MTR0331,54.77
2016-01-20,10,MTR0331,56.94
2016-01-20,11,MTR0331,57.1
2016-01-20,12,MTR0331,76.29
2016-01-20,13,MTR0331,81.06
2016-01-20,14,MTR0331,72.87
2016-01-20,15,MTR0331,55.18
2016-01-20,16,MTR0331,63.82
2016-01-20,17,MTR0331,75.17
2016-01-20,18,MTR0331,61.01
2016-01-20,19,MTR0331,61.05
2016-01-20,20,MTR0331,61.03
2016-01-20,21,MTR0331,61.03
2016-01-20,22,MTR0331,73.99
2016-01-20,23,MTR0331,72.08
2016-01-20,24,MTR0331,72.02
2016-01-20,25,MTR0331,74.29
2016-01-20,26,MTR0331,80.67
2016-01-20,27,MTR0331,84.07
2016-01-20,28,MTR0331,84.51
2016-01-20,29,MTR0331,86.27
2016-01-20,30,MTR0331,85.42
2016-01-20,31,MTR0331,85.43
2016-01-20,32,MTR0331,85.16
2016-01-20,33,MTR0331,85.49
2016-01-20,34,MTR0331,76.82
2016-01-20,35,MTR0331,74.99
2016-01-20,36,MTR0331,73.64
2016-01-20,37,MTR0331,61.04
2016-01-20,38,MTR0331,57.66
2016-01-20,39,MTR0331,63.6
2016-01-20,40,MTR0331,63.22
2016-01-20,41,MTR0331,57.69
2016-01-20,42,MTR0331,58.72
2016-01-20,43,MTR0331,77.25
2016-01-20,44,MTR0331,76.28
2016-01-20,45,MTR0331,82.61
2016-01-20,46,MTR0331,87.61
2016-01-20,47,MTR0331,79.01
2016-01-20,48,MTR0331,71.67
2016-01-21,1,MTR0331,57.27
2016-01-21,2,MTR0331,66.85
2016-01-21,3,MTR0331,59.28
2016-01-21,4,MTR0331,57.02
2016-01-21,5,MTR0331,56.87
2016-01-21,6,MTR0331,55.4
2016-01-21,7,MTR0331,58.66
2016-01-21,8,MTR0331,59.07
2016-01-21,9,MTR0331,60.78
2016-01-21,10,MTR0331,57.57
2016-01-21,11,MTR0331,64.86
2016-01-21,12,MTR0331,64.37
2016-01-21,13,MTR0331,69.96
2016-01-21,14,MTR0331,62.78
2016-01-21,15,MTR0331,62.18
2016-01-21,16,MTR0331,56.79
2016-01-21,17,MTR0331,61.27
2016-01-21,18,MTR0331,70.94
2016-01-21,19,MTR0331,72.38
2016-01-21,20,MTR0331,74
2016-01-21,21,MTR0331,73.97
2016-01-21,22,MTR0331,84.35
2016-01-21,23,MTR0331,85.81
2016-01-21,24,MTR0331,88.28
2016-01-21,25,MTR0331,89.67
2016-01-21,26,MTR0331,96.44
2016-01-21,27,MTR0331,92.12
2016-01-21,28,MTR0331,93.68
2016-01-21,29,MTR0331,87.79
2016-01-21,30,MTR0331,87.74
2016-01-21,31,MTR0331,88.26
2016-01-21,32,MTR0331,90.42
2016-01-21,33,MTR0331,89.1
2016-01-21,34,MTR0331,87.49
2016-01-21,35,MTR0331,86.72
2016-01-21,36,MTR0331,83.28
2016-01-21,37,MTR0331,63.32
2016-01-21,38,MTR0331,61.39
2016-01-21,39,MTR0331,59.93
2016-01-21,40,MTR0331,74.67
2016-01-21,41,MTR0331,71.84
2016-01-21,42,MTR0331,67.84
2016-01-21,43,MTR0331,69.51
2016-01-21,44,MTR0331,67.22
2016-01-21,45,MTR0331,76.92
2016-01-21,46,MTR0331,63
2016-01-21,47,MTR0331,77.76
2016-01-21,48,MTR0331,71.41
2016-01-22,1,MTR0331,68.81
2016-01-22,2,MTR0331,64.94
2016-01-22,3,MTR0331,61.06
2016-01-22,4,MTR0331,55.92
2016-01-22,5,MTR0331,57.43
2016-01-22,6,MTR0331,57.83
2016-01-22,7,MTR0331,55.54
2016-01-22,8,MTR0331,57.87
2016-01-22,9,MTR0331,47.28
2016-01-22,10,MTR0331,52.29
2016-01-22,11,MTR0331,54.89
2016-01-22,12,MTR0331,56.04
2016-01-22,13,MTR0331,57.85
2016-01-22,14,MTR0331,54.4
2016-01-22,15,MTR0331,59.98
2016-01-22,16,MTR0331,53.14
2016-01-22,17,MTR0331,60.75
2016-01-22,18,MTR0331,62.09
2016-01-22,19,MTR0331,64.67
2016-01-22,20,MTR0331,77.06
2016-01-22,21,MTR0331,81.68
2016-01-22,22,MTR0331,83.04
2016-01-22,23,MTR0331,84.68
2016-01-22,24,MTR0331,84.31
2016-01-22,25,MTR0331,83.85
2016-01-22,26,MTR0331,84.3
2016-01-22,27,MTR0331,92.08
2016-01-22,28,MTR0331,92.09
2016-01-22,29,MTR0331,91.21
2016-01-22,30,MTR0331,84.93
2016-01-22,31,MTR0331,83.78
2016-01-22,32,MTR0331,89
2016-01-22,33,MTR0331,84.46
2016-01-22,34,MTR0331,84.21
2016-01-22,35,MTR0331,84.57
2016-01-22,36,MTR0331,89.06
2016-01-22,37,MTR0331,82.12
2016-01-22,38,MTR0331,84.45
2016-01-22,39,MTR0331,83.97
2016-01-22,40,MTR0331,66.46
2016-01-22,41,MTR0331,65.93
2016-01-22,42,MTR0331,65.73
2016-01-22,43,MTR0331,79.45
2016-01-22,44,MTR0331,76.81
2016-01-22,45,MTR0331,78.19
2016-01-22,46,MTR0331,63.45
2016-01-22,47,MTR0331,64.29
2016-01-22,48,MTR0331,59.3
2016-01-23,1,MTR0331,56.46
2016-01-23,2,MTR0331,59.45
2016-01-23,3,MTR0331,55.81
2016-01-23,4,MTR0331,56.08
2016-01-23,5,MTR0331,55.38
2016-01-23,6,MTR0331,54.89
2016-01-23,7,MTR0331,52.4
2016-01-23,8,MTR0331,54.4
2016-01-23,9,MTR0331,46.91
2016-01-23,10,MTR0331,43.18
2016-01-23,11,MTR0331,52.19
2016-01-23,12,MTR0331,55.93
2016-01-23,13,MTR0331,57.23
2016-01-23,14,MTR0331,58.49
2016-01-23,15,MTR0331,59.52
2016-01-23,16,MTR0331,59.18
2016-01-23,17,MTR0331,59.97
2016-01-23,18,MTR0331,56.32
2016-01-23,19,MTR0331,58.3
2016-01-23,20,MTR0331,60.33
2016-01-23,21,MTR0331,62.47
2016-01-23,22,MTR0331,60.09
2016-01-23,23,MTR0331,57.32
2016-01-23,24,MTR0331,56.91
2016-01-23,25,MTR0331,56.03
2016-01-23,26,MTR0331,60.03
2016-01-23,27,MTR0331,59.92
2016-01-23,28,MTR0331,59.94
2016-01-23,29,MTR0331,57.8
2016-01-23,30,MTR0331,56.81
2016-01-23,31,MTR0331,56.37
2016-01-23,32,MTR0331,56.65
2016-01-23,33,MTR0331,56.65
2016-01-23,34,MTR0331,62.06
2016-01-23,35,MTR0331,62.38
2016-01-23,36,MTR0331,70.05
2016-01-23,37,MTR0331,70.11
2016-01-23,38,MTR0331,66.73
2016-01-23,39,MTR0331,61.8
2016-01-23,40,MTR0331,56.64
2016-01-23,41,MTR0331,67.94
2016-01-23,42,MTR0331,69.64
2016-01-23,43,MTR0331,76.47
2016-01-23,44,MTR0331,81.69
2016-01-23,45,MTR0331,81.45
2016-01-23,46,MTR0331,76.79
2016-01-23,47,MTR0331,75.79
2016-01-23,48,MTR0331,59.63
2016-01-24,1,MTR0331,62.89
2016-01-24,2,MTR0331,62.09
2016-01-24,3,MTR0331,57.17
2016-01-24,4,MTR0331,55.79
2016-01-24,5,MTR0331,56.22
2016-01-24,6,MTR0331,65.46
2016-01-24,7,MTR0331,58.3
2016-01-24,8,MTR0331,67.94
2016-01-24,9,MTR0331,55.69
2016-01-24,10,MTR0331,57.91
2016-01-24,11,MTR0331,70.59
2016-01-24,12,MTR0331,72.29
2016-01-24,13,MTR0331,76.12
2016-01-24,14,MTR0331,76.18
2016-01-24,15,MTR0331,72.32
2016-01-24,16,MTR0331,71.81
2016-01-24,17,MTR0331,58.96
2016-01-24,18,MTR0331,68.55
2016-01-24,19,MTR0331,69.29
2016-01-24,20,MTR0331,67.29
2016-01-24,21,MTR0331,64.07
2016-01-24,22,MTR0331,69.41
2016-01-24,23,MTR0331,72.18
2016-01-24,24,MTR0331,72.28
2016-01-24,25,MTR0331,60.07
2016-01-24,26,MTR0331,69.26
2016-01-24,27,MTR0331,69.58
2016-01-24,28,MTR0331,69.86
2016-01-24,29,MTR0331,70.01
2016-01-24,30,MTR0331,72.84
2016-01-24,31,MTR0331,83.22
2016-01-24,32,MTR0331,89.48
2016-01-24,33,MTR0331,87.49
2016-01-24,34,MTR0331,83.18
2016-01-24,35,MTR0331,86.14
2016-01-24,36,MTR0331,85.92
2016-01-24,37,MTR0331,82.33
2016-01-24,38,MTR0331,83.38
2016-01-24,39,MTR0331,83.21
2016-01-24,40,MTR0331,83.2
2016-01-24,41,MTR0331,80.43
2016-01-24,42,MTR0331,84.46
2016-01-24,43,MTR0331,90.68
2016-01-24,44,MTR0331,96.04
2016-01-24,45,MTR0331,84.37
2016-01-24,46,MTR0331,81.8
2016-01-24,47,MTR0331,79.25
2016-01-24,48,MTR0331,72.83
2016-01-25,1,MTR0331,77.02
2016-01-25,2,MTR0331,77.02
2016-01-25,3,MTR0331,77.65
2016-01-25,4,MTR0331,72.01
2016-01-25,5,MTR0331,65.49
2016-01-25,6,MTR0331,65.3
2016-01-25,7,MTR0331,65.22
2016-01-25,8,MTR0331,65.28
2016-01-25,9,MTR0331,67.03
2016-01-25,10,MTR0331,78.15
2016-01-25,11,MTR0331,77.75
2016-01-25,12,MTR0331,77.45
2016-01-25,13,MTR0331,76.09
2016-01-25,14,MTR0331,77.22
2016-01-25,15,MTR0331,57.96
2016-01-25,16,MTR0331,71.86
2016-01-25,17,MTR0331,75.81
2016-01-25,18,MTR0331,83.44
2016-01-25,19,MTR0331,83.67
2016-01-25,20,MTR0331,85.46
2016-01-25,21,MTR0331,87.19
2016-01-25,22,MTR0331,90.6
2016-01-25,23,MTR0331,90.7
2016-01-25,24,MTR0331,90.05
2016-01-25,25,MTR0331,88.57
2016-01-25,26,MTR0331,88.38
2016-01-25,27,MTR0331,89.15
2016-01-25,28,MTR0331,88.12
2016-01-25,29,MTR0331,87.91
2016-01-25,30,MTR0331,86.36
2016-01-25,31,MTR0331,89.16
2016-01-25,32,MTR0331,90.31
2016-01-25,33,MTR0331,89.93
2016-01-25,34,MTR0331,89.92
2016-01-25,35,MTR0331,86.41
2016-01-25,36,MTR0331,86.48
2016-01-25,37,MTR0331,77.62
2016-01-25,38,MTR0331,76.96
2016-01-25,39,MTR0331,76.99
2016-01-25,40,MTR0331,76.86
2016-01-25,41,MTR0331,76.75
2016-01-25,42,MTR0331,77.36
2016-01-25,43,MTR0331,78.66
2016-01-25,44,MTR0331,78.93
2016-01-25,45,MTR0331,72.22
2016-01-25,46,MTR0331,76.62
2016-01-25,47,MTR0331,63.83
2016-01-25,48,MTR0331,64.39
2016-01-26,1,MTR0331,57
2016-01-26,2,MTR0331,55.78
2016-01-26,3,MTR0331,55.34
2016-01-26,4,MTR0331,63.67
2016-01-26,5,MTR0331,64.12
2016-01-26,6,MTR0331,59.74
2016-01-26,7,MTR0331,55.06
2016-01-26,8,MTR0331,55.58
2016-01-26,9,MTR0331,55.72
2016-01-26,10,MTR0331,54.9
2016-01-26,11,MTR0331,58.16
2016-01-26,12,MTR0331,68.1
2016-01-26,13,MTR0331,80.21
2016-01-26,14,MTR0331,87.28
2016-01-26,15,MTR0331,83.86
2016-01-26,16,MTR0331,78.72
2016-01-26,17,MTR0331,84.15
2016-01-26,18,MTR0331,87.03
2016-01-26,19,MTR0331,86.68
2016-01-26,20,MTR0331,86.54
2016-01-26,21,MTR0331,92.65
2016-01-26,22,MTR0331,97.82
2016-01-26,23,MTR0331,119.03
2016-01-26,24,MTR0331,119.32
2016-01-26,25,MTR0331,117.72
2016-01-26,26,MTR0331,105.67
2016-01-26,27,MTR0331,119.22
2016-01-26,28,MTR0331,119.12
2016-01-26,29,MTR0331,119.18
2016-01-26,30,MTR0331,100.18
2016-01-26,31,MTR0331,104.18
2016-01-26,32,MTR0331,99.71
2016-01-26,33,MTR0331,99.6
2016-01-26,34,MTR0331,104.51
2016-01-26,35,MTR0331,98.18
2016-01-26,36,MTR0331,97.85
2016-01-26,37,MTR0331,95.52
2016-01-26,38,MTR0331,95.35
2016-01-26,39,MTR0331,90.82
2016-01-26,40,MTR0331,96.88
2016-01-26,41,MTR0331,89.71
2016-01-26,42,MTR0331,87.48
2016-01-26,43,MTR0331,88.77
2016-01-26,44,MTR0331,90.12
2016-01-26,45,MTR0331,90.35
2016-01-26,46,MTR0331,86.18
2016-01-26,47,MTR0331,81.81
2016-01-26,48,MTR0331,82.05
2016-01-27,1,MTR0331,67.48
2016-01-27,2,MTR0331,60.99
2016-01-27,3,MTR0331,74.34
2016-01-27,4,MTR0331,72.29
2016-01-27,5,MTR0331,61.63
2016-01-27,6,MTR0331,56.98
2016-01-27,7,MTR0331,56.25
2016-01-27,8,MTR0331,55.08
2016-01-27,9,MTR0331,55.76
2016-01-27,10,MTR0331,61.04
2016-01-27,11,MTR0331,60.87
2016-01-27,12,MTR0331,71.74
2016-01-27,13,MTR0331,72.27
2016-01-27,14,MTR0331,61.59
2016-01-27,15,MTR0331,40.01
2016-01-27,16,MTR0331,75.81
2016-01-27,17,MTR0331,73.98
2016-01-27,18,MTR0331,74.07
2016-01-27,19,MTR0331,69.73
2016-01-27,20,MTR0331,59.54
2016-01-27,21,MTR0331,57.11
2016-01-27,22,MTR0331,61.85
2016-01-27,23,MTR0331,61.81
2016-01-27,24,MTR0331,64.71
2016-01-27,25,MTR0331,86.4
2016-01-27,26,MTR0331,68.32
2016-01-27,27,MTR0331,68.27
2016-01-27,28,MTR0331,63.92
2016-01-27,29,MTR0331,62.69
2016-01-27,30,MTR0331,78.14
2016-01-27,31,MTR0331,85.42
2016-01-27,32,MTR0331,80.45
2016-01-27,33,MTR0331,85.42
2016-01-27,34,MTR0331,85.42
2016-01-27,35,MTR0331,75.17
2016-01-27,36,MTR0331,65.41
2016-01-27,37,MTR0331,51.96
2016-01-27,38,MTR0331,49.03
2016-01-27,39,MTR0331,44.13
2016-01-27,40,MTR0331,48.43
2016-01-27,41,MTR0331,49.41
2016-01-27,42,MTR0331,49.38
2016-01-27,43,MTR0331,24.8
2016-01-27,44,MTR0331,19.24
2016-01-27,45,MTR0331,45.23
2016-01-27,46,MTR0331,41.9
2016-01-27,47,MTR0331,43.28
2016-01-27,48,MTR0331,41.53
2016-01-28,1,MTR0331,53.28
2016-01-28,2,MTR0331,49.48
2016-01-28,3,MTR0331,41.43
2016-01-28,4,MTR0331,54.65
2016-01-28,5,MTR0331,40.06
2016-01-28,6,MTR0331,40.06
2016-01-28,7,MTR0331,40.06
2016-01-28,8,MTR0331,40.06
2016-01-28,9,MTR0331,44.49
2016-01-28,10,MTR0331,49.64
2016-01-28,11,MTR0331,56.17
2016-01-28,12,MTR0331,55.59
2016-01-28,13,MTR0331,61.62
2016-01-28,14,MTR0331,55.68
2016-01-28,15,MTR0331,50.98
2016-01-28,16,MTR0331,63.95
2016-01-28,17,MTR0331,63.06
2016-01-28,18,MTR0331,63.27
2016-01-28,19,MTR0331,62.04
2016-01-28,20,MTR0331,64.2
2016-01-28,21,MTR0331,69.53
2016-01-28,22,MTR0331,69.54
2016-01-28,23,MTR0331,69.54
2016-01-28,24,MTR0331,67.63
2016-01-28,25,MTR0331,66.5
2016-01-28,26,MTR0331,66.18
2016-01-28,27,MTR0331,68.22
2016-01-28,28,MTR0331,65.19
2016-01-28,29,MTR0331,58.88
2016-01-28,30,MTR0331,58.91
2016-01-28,31,MTR0331,58.89
2016-01-28,32,MTR0331,69.58
2016-01-28,33,MTR0331,66.92
2016-01-28,34,MTR0331,70.12
2016-01-28,35,MTR0331,81.24
2016-01-28,36,MTR0331,73.54
2016-01-28,37,MTR0331,51.29
2016-01-28,38,MTR0331,63.64
2016-01-28,39,MTR0331,61.28
2016-01-28,40,MTR0331,51.26
2016-01-28,41,MTR0331,50.71
2016-01-28,42,MTR0331,63.32
2016-01-28,43,MTR0331,64.73
2016-01-28,44,MTR0331,62.69
2016-01-28,45,MTR0331,81.44
2016-01-28,46,MTR0331,80.31
2016-01-28,47,MTR0331,76
2016-01-28,48,MTR0331,73.03
2016-01-29,1,MTR0331,66.17
2016-01-29,2,MTR0331,64.51
2016-01-29,3,MTR0331,64.19
2016-01-29,4,MTR0331,64.45
2016-01-29,5,MTR0331,64.3
2016-01-29,6,MTR0331,59.48
2016-01-29,7,MTR0331,59.37
2016-01-29,8,MTR0331,64.21
2016-01-29,9,MTR0331,64.21
2016-01-29,10,MTR0331,64.15
2016-01-29,11,MTR0331,64.97
2016-01-29,12,MTR0331,80.61
2016-01-29,13,MTR0331,82.61
2016-01-29,14,MTR0331,67.75
2016-01-29,15,MTR0331,62.37
2016-01-29,16,MTR0331,71.85
2016-01-29,17,MTR0331,69.66
2016-01-29,18,MTR0331,68.25
2016-01-29,19,MTR0331,77.32
2016-01-29,20,MTR0331,65.08
2016-01-29,21,MTR0331,76.68
2016-01-29,22,MTR0331,77.29
2016-01-29,23,MTR0331,77.91
2016-01-29,24,MTR0331,71.09
2016-01-29,25,MTR0331,71.23
2016-01-29,26,MTR0331,77.28
2016-01-29,27,MTR0331,75.86
2016-01-29,28,MTR0331,76.51
2016-01-29,29,MTR0331,78.23
2016-01-29,30,MTR0331,77.42
2016-01-29,31,MTR0331,78.19
2016-01-29,32,MTR0331,78.43
2016-01-29,33,MTR0331,71.33
2016-01-29,34,MTR0331,66.42
2016-01-29,35,MTR0331,65.36
2016-01-29,36,MTR0331,59.44
2016-01-29,37,MTR0331,58.07
2016-01-29,38,MTR0331,55.09
2016-01-29,39,MTR0331,53.33
2016-01-29,40,MTR0331,52.23
2016-01-29,41,MTR0331,52.38
2016-01-29,42,MTR0331,56.27
2016-01-29,43,MTR0331,62.07
2016-01-29,44,MTR0331,62.06
2016-01-29,45,MTR0331,80.78
2016-01-29,46,MTR0331,77.48
2016-01-29,47,MTR0331,81.84
2016-01-29,48,MTR0331,78.33
2016-01-30,1,MTR0331,62.02
2016-01-30,2,MTR0331,72.44
2016-01-30,3,MTR0331,77.25
2016-01-30,4,MTR0331,53.1
2016-01-30,5,MTR0331,62.74
2016-01-30,6,MTR0331,56.87
2016-01-30,7,MTR0331,53.44
2016-01-30,8,MTR0331,53.42
2016-01-30,9,MTR0331,58.94
2016-01-30,10,MTR0331,53.37
2016-01-30,11,MTR0331,57.43
2016-01-30,12,MTR0331,56.92
2016-01-30,13,MTR0331,63.26
2016-01-30,14,MTR0331,66.84
2016-01-30,15,MTR0331,55.72
2016-01-30,16,MTR0331,59.98
2016-01-30,17,MTR0331,65.79
2016-01-30,18,MTR0331,63.57
2016-01-30,19,MTR0331,65.92
2016-01-30,20,MTR0331,59.4
2016-01-30,21,MTR0331,65.94
2016-01-30,22,MTR0331,65.84
2016-01-30,23,MTR0331,55.83
2016-01-30,24,MTR0331,56.92
2016-01-30,25,MTR0331,56.76
2016-01-30,26,MTR0331,56.04
2016-01-30,27,MTR0331,65.46
2016-01-30,28,MTR0331,55.23
2016-01-30,29,MTR0331,52.01
2016-01-30,30,MTR0331,52.87
2016-01-30,31,MTR0331,51.52
2016-01-30,32,MTR0331,53.25
2016-01-30,33,MTR0331,53.62
2016-01-30,34,MTR0331,54.03
2016-01-30,35,MTR0331,51.16
2016-01-30,36,MTR0331,53.71
2016-01-30,37,MTR0331,54.93
2016-01-30,38,MTR0331,52.14
2016-01-30,39,MTR0331,51.74
2016-01-30,40,MTR0331,51.45
2016-01-30,41,MTR0331,40
2016-01-30,42,MTR0331,51.12
2016-01-30,43,MTR0331,57.04
2016-01-30,44,MTR0331,57.24
2016-01-30,45,MTR0331,57.45
2016-01-30,46,MTR0331,65.52
2016-01-30,47,MTR0331,60.36
2016-01-30,48,MTR0331,51.88
2016-01-31,1,MTR0331,52.28
2016-01-31,2,MTR0331,53.26
2016-01-31,3,MTR0331,53.01
2016-01-31,4,MTR0331,53.12
2016-01-31,5,MTR0331,53.01
2016-01-31,6,MTR0331,52.05
2016-01-31,7,MTR0331,51.71
2016-01-31,8,MTR0331,51.36
2016-01-31,9,MTR0331,50.94
2016-01-31,10,MTR0331,51.2
2016-01-31,11,MTR0331,53.5
2016-01-31,12,MTR0331,46.23
2016-01-31,13,MTR0331,62.78
2016-01-31,14,MTR0331,43.49
2016-01-31,15,MTR0331,26.89
2016-01-31,16,MTR0331,41.32
2016-01-31,17,MTR0331,41.22
2016-01-31,18,MTR0331,40.73
2016-01-31,19,MTR0331,37.79
2016-01-31,20,MTR0331,40.17
2016-01-31,21,MTR0331,40.42
2016-01-31,22,MTR0331,53.65
2016-01-31,23,MTR0331,51.88
2016-01-31,24,MTR0331,51.62
2016-01-31,25,MTR0331,48.23
2016-01-31,26,MTR0331,64.97
2016-01-31,27,MTR0331,51.79
2016-01-31,28,MTR0331,51.22
2016-01-31,29,MTR0331,51.12
2016-01-31,30,MTR0331,51.1
2016-01-31,31,MTR0331,50.86
2016-01-31,32,MTR0331,51.13
2016-01-31,33,MTR0331,50.91
2016-01-31,34,MTR0331,50.91
2016-01-31,35,MTR0331,50.87
2016-01-31,36,MTR0331,53.4
2016-01-31,37,MTR0331,53.45
2016-01-31,38,MTR0331,51.64
2016-01-31,39,MTR0331,41.5
2016-01-31,40,MTR0331,50.86
2016-01-31,41,MTR0331,40.59
2016-01-31,42,MTR0331,40.58
2016-01-31,43,MTR0331,52.08
2016-01-31,44,MTR0331,62.36
2016-01-31,45,MTR0331,68.09
2016-01-31,46,MTR0331,61.61
2016-01-31,47,MTR0331,60.39
2016-01-31,48,MTR0331,47.67
